{
  "id": "Default",
  "tiles": [
    {
      "x": 0,
      "y": 0,
      "width": 0.5854166666666667,
      "height": 1,
      "groups": [1]
    },
    {
      "x": 0.5854166666666667,
      "y": 0,
      "width": 0.41458333333333336,
      "height": 0.5,
      "groups": [2, 1]
    },
    {
      "x": 0.5854166666666667,
      "y": 0.5,
      "width": 0.41458333333333336,
      "height": 0.49999999999999994,
      "groups": [2, 1]
    }
  ]
}
